{
    "0": "\u4e94\u5473\u5b50",
    "1": "\u4ed9\u9e64\u8349",
    "2": "\u5b89\u606f\u9999",
    "3": "\u67b8\u675e\u5b50",
    "4": "\u6854\u6897",
    "5": "\u6c99\u68d8",
    "6": "\u767d\u5c48\u83dc",
    "7": "\u767d\u679c",
    "8": "\u76ca\u6bcd\u8349",
    "9": "\u7d2b\u82b1\u5730\u4e01",
    "10": "\u82cd\u8033",
    "11": "\u83aa\u672f",
    "12": "\u8584\u8377",
    "13": "\u85cf\u7ea2\u82b1",
    "14": "\u8f66\u524d\u8349",
    "15": "\u91d1\u94b1\u8349",
    "16": "\u9752\u84bf",
    "17": "\u9c7c\u8165\u8349"
}